{
  "type": "Feature",
  "properties": {
    "osm_type": "relation",
    "osm_id": 14251728,
    "osm_version": 7,
    "name": "厦门岛",
    "place": "island",
    "type": "multipolygon"
  },
  "geometry": {
    "type": "MultiPolygon",
    "coordinates": [
      [
        [
          [
            118.0661979,
            24.4613633
          ],
          [
            118.0661999,
            24.4613502
          ],
          [
            118.0662328,
            24.4612431
          ],
          [
            118.0662494,
            24.4611767
          ],
          [
            118.0662576,
            24.4611691
          ],
          [
            118.0662653,
            24.4611676
          ],
          [
            118.0663143,
            24.4611732
          ],
          [
            118.066327,
            24.4611711
          ],
          [
            118.0663371,
            24.461164
          ],
          [
            118.0664531,
            24.4606867
          ],
          [
            118.0664511,
            24.460673
          ],
          [
            118.066442,
            24.4606626
          ],
          [
            118.066377,
            24.4606455
          ],
          [
            118.0663666,
            24.4606376
          ],
          [
            118.0663659,
            24.4606254
          ],
          [
            118.0663688,
            24.460613
          ],
          [
            118.0663997,
            24.4604595
          ],
          [
            118.0664722,
            24.4602488
          ],
          [
            118.0665071,
            24.4602262
          ],
          [
            118.0665567,
            24.4602067
          ],
          [
            118.066605,
            24.4601817
          ],
          [
            118.0666324,
            24.4601536
          ],
          [
            118.0668443,
            24.4589908
          ],
          [
            118.0668987,
            24.4588895
          ],
          [
            118.067067,
            24.4587052
          ],
          [
            118.0676322,
            24.4579117
          ],
          [
            118.067655,
            24.4578906
          ],
          [
            118.0676809,
            24.4578845
          ],
          [
            118.0677311,
            24.4579068
          ],
          [
            118.0677583,
            24.4579047
          ],
          [
            118.0677794,
            24.4578879
          ],
          [
            118.0678029,
            24.4578613
          ],
          [
            118.0678143,
            24.4578293
          ],
          [
            118.067818,
            24.4578052
          ],
          [
            118.0678133,
            24.4577884
          ],
          [
            118.0677938,
            24.4577624
          ],
          [
            118.0677922,
            24.4577475
          ],
          [
            118.0677982,
            24.4577307
          ],
          [
            118.0678931,
            24.4576394
          ],
          [
            118.0679542,
            24.4575578
          ],
          [
            118.0680154,
            24.4574761
          ],
          [
            118.0680681,
            24.4573825
          ],
          [
            118.0682136,
            24.4571829
          ],
          [
            118.0682907,
            24.4571072
          ],
          [
            118.0683719,
            24.4569979
          ],
          [
            118.0684114,
            24.45695
          ],
          [
            118.0684377,
            24.4569125
          ],
          [
            118.0689123,
            24.456053
          ],
          [
            118.0690404,
            24.4558626
          ],
          [
            118.0690518,
            24.4558467
          ],
          [
            118.0690619,
            24.4558248
          ],
          [
            118.0690699,
            24.4557918
          ],
          [
            118.0690813,
            24.4557521
          ],
          [
            118.0691021,
            24.4557271
          ],
          [
            118.0691232,
            24.4557173
          ],
          [
            118.0691661,
            24.4557125
          ],
          [
            118.0692,
            24.4556978
          ],
          [
            118.0692811,
            24.4556355
          ],
          [
            118.0694716,
            24.4554341
          ],
          [
            118.069776,
            24.4551222
          ],
          [
            118.0699892,
            24.4548774
          ],
          [
            118.0700509,
            24.4547999
          ],
          [
            118.0700744,
            24.4547492
          ],
          [
            118.0700704,
            24.4547169
          ],
          [
            118.0700261,
            24.4546809
          ],
          [
            118.07,
            24.454643
          ],
          [
            118.0699946,
            24.454615
          ],
          [
            118.0700033,
            24.4545796
          ],
          [
            118.0700321,
            24.4545576
          ],
          [
            118.0700831,
            24.4545387
          ],
          [
            118.0701381,
            24.4545423
          ],
          [
            118.0701837,
            24.4545509
          ],
          [
            118.0702179,
            24.4545454
          ],
          [
            118.0703218,
            24.4544868
          ],
          [
            118.0704533,
            24.4543769
          ],
          [
            118.0706452,
            24.4541834
          ],
          [
            118.0710125,
            24.4538239
          ],
          [
            118.0714805,
            24.4533636
          ],
          [
            118.071911,
            24.4528814
          ],
          [
            118.0719499,
            24.4528179
          ],
          [
            118.0719754,
            24.4527557
          ],
          [
            118.0720907,
            24.4526214
          ],
          [
            118.0722651,
            24.4524554
          ],
          [
            118.0727351,
            24.4519963
          ],
          [
            118.0728562,
            24.4518862
          ],
          [
            118.0728793,
            24.4518767
          ],
          [
            118.0728964,
            24.4518797
          ],
          [
            118.0729118,
            24.4518923
          ],
          [
            118.0729447,
            24.4519179
          ],
          [
            118.0729722,
            24.451924
          ],
          [
            118.0729903,
            24.45192
          ],
          [
            118.0730144,
            24.4519081
          ],
          [
            118.073108,
            24.4518157
          ],
          [
            118.0731442,
            24.4518059
          ],
          [
            118.0731878,
            24.4518108
          ],
          [
            118.0732267,
            24.4518315
          ],
          [
            118.0732528,
            24.451848
          ],
          [
            118.0732783,
            24.4518535
          ],
          [
            118.0733004,
            24.4518486
          ],
          [
            118.073586,
            24.4515333
          ],
          [
            118.0735835,
            24.4515248
          ],
          [
            118.0735856,
            24.4515123
          ],
          [
            118.0735871,
            24.4515032
          ],
          [
            118.0734318,
            24.4513858
          ],
          [
            118.0736413,
            24.4511439
          ],
          [
            118.0739138,
            24.4508605
          ],
          [
            118.0739628,
            24.4508024
          ],
          [
            118.074049,
            24.4507002
          ],
          [
            118.0744843,
            24.4502081
          ],
          [
            118.0746011,
            24.4500813
          ],
          [
            118.0746592,
            24.4500138
          ],
          [
            118.0750328,
            24.4495872
          ],
          [
            118.0751013,
            24.4494865
          ],
          [
            118.0751525,
            24.449425
          ],
          [
            118.0753775,
            24.4491392
          ],
          [
            118.0755582,
            24.4489448
          ],
          [
            118.0756287,
            24.44894
          ],
          [
            118.0757044,
            24.4488618
          ],
          [
            118.075705,
            24.4488502
          ],
          [
            118.0757003,
            24.4488365
          ],
          [
            118.075697,
            24.4488222
          ],
          [
            118.075697,
            24.4488084
          ],
          [
            118.0757064,
            24.4487874
          ],
          [
            118.0760601,
            24.4482865
          ],
          [
            118.0760691,
            24.4482658
          ],
          [
            118.0760701,
            24.4482416
          ],
          [
            118.0760695,
            24.4482227
          ],
          [
            118.0760725,
            24.4481922
          ],
          [
            118.0760814,
            24.4481763
          ],
          [
            118.0760928,
            24.4481719
          ],
          [
            118.0761057,
            24.4481722
          ],
          [
            118.0761167,
            24.4481803
          ],
          [
            118.0761665,
            24.448216
          ],
          [
            118.0761731,
            24.4482175
          ],
          [
            118.0761772,
            24.4482157
          ],
          [
            118.0761823,
            24.4482037
          ],
          [
            118.0761898,
            24.4481782
          ],
          [
            118.0762247,
            24.4480451
          ],
          [
            118.0762415,
            24.4479468
          ],
          [
            118.0762884,
            24.4478675
          ],
          [
            118.0764547,
            24.4477271
          ],
          [
            118.0767082,
            24.4474902
          ],
          [
            118.0768624,
            24.4472326
          ],
          [
            118.0770823,
            24.4467919
          ],
          [
            118.0776443,
            24.4457358
          ],
          [
            118.0782719,
            24.4446212
          ],
          [
            118.0787896,
            24.443559
          ],
          [
            118.0793037,
            24.4426162
          ],
          [
            118.0796257,
            24.4419565
          ],
          [
            118.0797236,
            24.441876
          ],
          [
            118.0799617,
            24.4416721
          ],
          [
            118.0800147,
            24.4416403
          ],
          [
            118.080067,
            24.4416342
          ],
          [
            118.0801132,
            24.4416489
          ],
          [
            118.0801689,
            24.4416837
          ],
          [
            118.0802929,
            24.4417624
          ],
          [
            118.0807275,
            24.4420176
          ],
          [
            118.0807932,
            24.4420573
          ],
          [
            118.080816,
            24.4420841
          ],
          [
            118.0808166,
            24.4421201
          ],
          [
            118.0808026,
            24.4421775
          ],
          [
            118.0807482,
            24.4422837
          ],
          [
            118.0807596,
            24.4423307
          ],
          [
            118.0807764,
            24.4423582
          ],
          [
            118.0808763,
            24.442429
          ],
          [
            118.0808971,
            24.4424504
          ],
          [
            118.0809025,
            24.4424736
          ],
          [
            118.0808971,
            24.4425127
          ],
          [
            118.0808958,
            24.4425481
          ],
          [
            118.0808998,
            24.4425835
          ],
          [
            118.0809326,
            24.4426146
          ],
          [
            118.080993,
            24.4426506
          ],
          [
            118.081347,
            24.4427507
          ],
          [
            118.0817024,
            24.4428594
          ],
          [
            118.081803,
            24.4428386
          ],
          [
            118.08198,
            24.4427324
          ],
          [
            118.083521,
            24.4410494
          ],
          [
            118.0835465,
            24.4410158
          ],
          [
            118.0835518,
            24.4409719
          ],
          [
            118.0835411,
            24.4409401
          ],
          [
            118.08346,
            24.4408901
          ],
          [
            118.0833694,
            24.4408327
          ],
          [
            118.0831683,
            24.4407484
          ],
          [
            118.0830905,
            24.4407301
          ],
          [
            118.0830315,
            24.4407301
          ],
          [
            118.0827863,
            24.4410091
          ],
          [
            118.0825626,
            24.4412635
          ],
          [
            118.082136,
            24.4417118
          ],
          [
            118.0815697,
            24.4420524
          ],
          [
            118.0814315,
            24.4420756
          ],
          [
            118.0813028,
            24.4420609
          ],
          [
            118.0810332,
            24.4419645
          ],
          [
            118.0807162,
            24.4416916
          ],
          [
            118.0805885,
            24.4415499
          ],
          [
            118.0805055,
            24.4414577
          ],
          [
            118.0803376,
            24.441509
          ],
          [
            118.080239,
            24.441403
          ],
          [
            118.0800736,
            24.4413841
          ],
          [
            118.079969,
            24.4412994
          ],
          [
            118.080081,
            24.4411526
          ],
          [
            118.0801937,
            24.4409975
          ],
          [
            118.0804887,
            24.4407326
          ],
          [
            118.0808884,
            24.4403736
          ],
          [
            118.0812608,
            24.4399774
          ],
          [
            118.0824328,
            24.4386547
          ],
          [
            118.0838039,
            24.4372407
          ],
          [
            118.0853543,
            24.4359684
          ],
          [
            118.0855042,
            24.4358173
          ],
          [
            118.0857799,
            24.4356651
          ],
          [
            118.086003,
            24.4355248
          ],
          [
            118.0869133,
            24.4353036
          ],
          [
            118.0883744,
            24.4351064
          ],
          [
            118.0895734,
            24.4349648
          ],
          [
            118.0908984,
            24.4347621
          ],
          [
            118.0917191,
            24.4346717
          ],
          [
            118.0933821,
            24.4345545
          ],
          [
            118.0938327,
            24.4344983
          ],
          [
            118.0944523,
            24.4344568
          ],
          [
            118.0950345,
            24.4345258
          ],
          [
            118.0958457,
            24.4343821
          ],
          [
            118.0968279,
            24.4343235
          ],
          [
            118.0974698,
            24.4341746
          ],
          [
            118.0980717,
            24.4339935
          ],
          [
            118.0985507,
            24.4337878
          ],
          [
            118.0988479,
            24.4335768
          ],
          [
            118.0993903,
            24.4332091
          ],
          [
            118.0996531,
            24.4328744
          ],
          [
            118.0997353,
            24.4327982
          ],
          [
            118.0998308,
            24.4327053
          ],
          [
            118.0999992,
            24.4325272
          ],
          [
            118.1000958,
            24.4322689
          ],
          [
            118.1002433,
            24.4320796
          ],
          [
            118.1003858,
            24.4318205
          ],
          [
            118.1005442,
            24.4317369
          ],
          [
            118.10066,
            24.4314136
          ],
          [
            118.1009781,
            24.4305765
          ],
          [
            118.1010713,
            24.4304049
          ],
          [
            118.101119,
            24.4303597
          ],
          [
            118.1011873,
            24.4303188
          ],
          [
            118.1013744,
            24.4302996
          ],
          [
            118.1015562,
            24.4302932
          ],
          [
            118.1016431,
            24.4302261
          ],
          [
            118.1021928,
            24.4301115
          ],
          [
            118.1032877,
            24.4302655
          ],
          [
            118.1046671,
            24.4305298
          ],
          [
            118.1050914,
            24.4305236
          ],
          [
            118.1053428,
            24.4303335
          ],
          [
            118.1055238,
            24.4302224
          ],
          [
            118.1058155,
            24.4301064
          ],
          [
            118.1061769,
            24.430041
          ],
          [
            118.106417,
            24.4300215
          ],
          [
            118.1065347,
            24.429951
          ],
          [
            118.1074514,
            24.4300311
          ],
          [
            118.1090404,
            24.4302734
          ],
          [
            118.1094031,
            24.4301466
          ],
          [
            118.1106351,
            24.4301096
          ],
          [
            118.1112817,
            24.4302361
          ],
          [
            118.1124339,
            24.4301735
          ],
          [
            118.1125304,
            24.4300624
          ],
          [
            118.1126169,
            24.4299483
          ],
          [
            118.112629,
            24.4299037
          ],
          [
            118.1126478,
            24.4298628
          ],
          [
            118.1126853,
            24.4298243
          ],
          [
            118.1127322,
            24.4298091
          ],
          [
            118.1127805,
            24.429817
          ],
          [
            118.112865,
            24.4298341
          ],
          [
            118.1129757,
            24.4298707
          ],
          [
            118.1130722,
            24.4298829
          ],
          [
            118.1131755,
            24.429878
          ],
          [
            118.1133324,
            24.4298402
          ],
          [
            118.1135845,
            24.4297877
          ],
          [
            118.1139882,
            24.4297047
          ],
          [
            118.1142725,
            24.4296583
          ],
          [
            118.1144924,
            24.4296607
          ],
          [
            118.1146198,
            24.4296595
          ],
          [
            118.1149095,
            24.4296912
          ],
          [
            118.1151543,
            24.4296741
          ],
          [
            118.1153655,
            24.4296167
          ],
          [
            118.1154647,
            24.4295459
          ],
          [
            118.1154842,
            24.4294959
          ],
          [
            118.1154875,
            24.4294531
          ],
          [
            118.1154768,
            24.4294348
          ],
          [
            118.1154379,
            24.4293957
          ],
          [
            118.1154255,
            24.4293728
          ],
          [
            118.1154228,
            24.4293466
          ],
          [
            118.1154342,
            24.429317
          ],
          [
            118.1154922,
            24.4292407
          ],
          [
            118.1156109,
            24.4291833
          ],
          [
            118.1157859,
            24.4291234
          ],
          [
            118.1160676,
            24.4290251
          ],
          [
            118.1162459,
            24.4289995
          ],
          [
            118.1163847,
            24.4289635
          ],
          [
            118.1164183,
            24.4289299
          ],
          [
            118.1164491,
            24.4288591
          ],
          [
            118.1164484,
            24.428795
          ],
          [
            118.1164337,
            24.4286991
          ],
          [
            118.1163928,
            24.428621
          ],
          [
            118.1163606,
            24.4285831
          ],
          [
            118.1163512,
            24.4285569
          ],
          [
            118.1163573,
            24.4285227
          ],
          [
            118.1163861,
            24.4285062
          ],
          [
            118.1164122,
            24.4285019
          ],
          [
            118.1164404,
            24.4285111
          ],
          [
            118.1164746,
            24.4285544
          ],
          [
            118.1165101,
            24.4286326
          ],
          [
            118.1165564,
            24.4286985
          ],
          [
            118.1166275,
            24.4287364
          ],
          [
            118.1167281,
            24.4287498
          ],
          [
            118.1168407,
            24.4287425
          ],
          [
            118.1169802,
            24.4286936
          ],
          [
            118.1171076,
            24.4286411
          ],
          [
            118.1171706,
            24.4285935
          ],
          [
            118.1171814,
            24.4285557
          ],
          [
            118.1171586,
            24.4284812
          ],
          [
            118.1171291,
            24.4284336
          ],
          [
            118.1170975,
            24.4283963
          ],
          [
            118.1170969,
            24.4283597
          ],
          [
            118.1171123,
            24.4283359
          ],
          [
            118.1171324,
            24.4283298
          ],
          [
            118.1171807,
            24.4283377
          ],
          [
            118.1172089,
            24.4283554
          ],
          [
            118.1172511,
            24.4284207
          ],
          [
            118.1173121,
            24.4284519
          ],
          [
            118.1173993,
            24.4284684
          ],
          [
            118.1175019,
            24.4284622
          ],
          [
            118.1175716,
            24.4284354
          ],
          [
            118.1176058,
            24.4283951
          ],
          [
            118.117636,
            24.428331
          ],
          [
            118.1177252,
            24.4282296
          ],
          [
            118.1177922,
            24.4281997
          ],
          [
            118.1178325,
            24.4281942
          ],
          [
            118.117919,
            24.4282241
          ],
          [
            118.1179746,
            24.4282534
          ],
          [
            118.1180128,
            24.4282541
          ],
          [
            118.1180477,
            24.4282339
          ],
          [
            118.1181456,
            24.4281454
          ],
          [
            118.1183924,
            24.4279586
          ],
          [
            118.1185774,
            24.4278304
          ],
          [
            118.1186606,
            24.4277742
          ],
          [
            118.118737,
            24.427707
          ],
          [
            118.1188074,
            24.4275837
          ],
          [
            118.1188336,
            24.4275226
          ],
          [
            118.1188966,
            24.427337
          ],
          [
            118.118953,
            24.4271917
          ],
          [
            118.1190361,
            24.4270086
          ],
          [
            118.1190951,
            24.4268706
          ],
          [
            118.11913,
            24.4268028
          ],
          [
            118.1191649,
            24.4267363
          ],
          [
            118.1192024,
            24.4266642
          ],
          [
            118.1192349,
            24.4265977
          ],
          [
            118.1192537,
            24.4265519
          ],
          [
            118.1192829,
            24.4264957
          ],
          [
            118.1193177,
            24.4264127
          ],
          [
            118.1193379,
            24.4263498
          ],
          [
            118.1193821,
            24.4262332
          ],
          [
            118.1194009,
            24.4261807
          ],
          [
            118.1194022,
            24.4261575
          ],
          [
            118.1193989,
            24.4261404
          ],
          [
            118.1193855,
            24.4261099
          ],
          [
            118.1193513,
            24.4260684
          ],
          [
            118.1193345,
            24.4260226
          ],
          [
            118.1193198,
            24.4259347
          ],
          [
            118.1193144,
            24.4258431
          ],
          [
            118.1193164,
            24.4257784
          ],
          [
            118.1193278,
            24.4256972
          ],
          [
            118.119356,
            24.4256349
          ],
          [
            118.1193734,
            24.4256202
          ],
          [
            118.1194069,
            24.4256178
          ],
          [
            118.1194505,
            24.4256239
          ],
          [
            118.1195122,
            24.4256477
          ],
          [
            118.1195886,
            24.4256776
          ],
          [
            118.1196705,
            24.4256868
          ],
          [
            118.119763,
            24.4256788
          ],
          [
            118.1198931,
            24.4256569
          ],
          [
            118.1200265,
            24.4256446
          ],
          [
            118.1202009,
            24.4256288
          ],
          [
            118.1205388,
            24.4256086
          ],
          [
            118.1205777,
            24.4256202
          ],
          [
            118.1206233,
            24.4256483
          ],
          [
            118.1206568,
            24.425677
          ],
          [
            118.1206837,
            24.4257033
          ],
          [
            118.1207199,
            24.4257252
          ],
          [
            118.1207655,
            24.4257405
          ],
          [
            118.1208634,
            24.4257442
          ],
          [
            118.1210417,
            24.4257332
          ],
          [
            118.1211504,
            24.4257448
          ],
          [
            118.1212784,
            24.4257729
          ],
          [
            118.1215668,
            24.4257729
          ],
          [
            118.1218846,
            24.4257875
          ],
          [
            118.1222856,
            24.4258364
          ],
          [
            118.1231734,
            24.425956
          ],
          [
            118.1240585,
            24.4259463
          ],
          [
            118.1248283,
            24.4259634
          ],
          [
            118.125338,
            24.426022
          ],
          [
            118.1257296,
            24.4260586
          ],
          [
            118.12592,
            24.4260623
          ],
          [
            118.1260903,
            24.4260317
          ],
          [
            118.1263009,
            24.4259756
          ],
          [
            118.1264216,
            24.4259206
          ],
          [
            118.1265248,
            24.425906
          ],
          [
            118.1266831,
            24.4259035
          ],
          [
            118.1270747,
            24.4259108
          ],
          [
            118.1274596,
            24.425895
          ],
          [
            118.1276661,
            24.4258779
          ],
          [
            118.1279504,
            24.4258266
          ],
          [
            118.1281704,
            24.4257313
          ],
          [
            118.1284453,
            24.4256105
          ],
          [
            118.1286257,
            24.4255158
          ],
          [
            118.1287242,
            24.4254688
          ],
          [
            118.1288865,
            24.4253675
          ],
          [
            118.1290099,
            24.425249
          ],
          [
            118.1290488,
            24.4252038
          ],
          [
            118.1291266,
            24.4251294
          ],
          [
            118.1292567,
            24.4250036
          ],
          [
            118.1293291,
            24.4249535
          ],
          [
            118.1294699,
            24.4249083
          ],
          [
            118.1296724,
            24.4248766
          ],
          [
            118.1298803,
            24.4248461
          ],
          [
            118.1300506,
            24.4248094
          ],
          [
            118.130229,
            24.4247801
          ],
          [
            118.1303081,
            24.4247539
          ],
          [
            118.1303658,
            24.4247185
          ],
          [
            118.1304878,
            24.4246312
          ],
          [
            118.1307171,
            24.424542
          ],
          [
            118.1308888,
            24.4244761
          ],
          [
            118.1309518,
            24.4244474
          ],
          [
            118.1309961,
            24.4244169
          ],
          [
            118.1311087,
            24.424321
          ],
          [
            118.1312475,
            24.4241934
          ],
          [
            118.1313917,
            24.4240756
          ],
          [
            118.13145,
            24.4240005
          ],
          [
            118.131507,
            24.4239718
          ],
          [
            118.131564,
            24.4239638
          ],
          [
            118.1316217,
            24.423962
          ],
          [
            118.131735,
            24.423984
          ],
          [
            118.1319258,
            24.4239983
          ],
          [
            118.1320029,
            24.4240069
          ],
          [
            118.1320559,
            24.4240264
          ],
          [
            118.1320874,
            24.4240539
          ],
          [
            118.1321099,
            24.424089
          ],
          [
            118.1321273,
            24.4241433
          ],
          [
            118.13214,
            24.4241855
          ],
          [
            118.1321608,
            24.4242172
          ],
          [
            118.1322192,
            24.424274
          ],
          [
            118.1323184,
            24.4243662
          ],
          [
            118.1325075,
            24.4245384
          ],
          [
            118.132643,
            24.4246592
          ],
          [
            118.1328709,
            24.4248925
          ],
          [
            118.1330305,
            24.4250744
          ],
          [
            118.1332733,
            24.4254285
          ],
          [
            118.1334825,
            24.4257509
          ],
          [
            118.1335469,
            24.4258644
          ],
          [
            118.13364,
            24.4258789
          ],
          [
            118.1340347,
            24.4261825
          ],
          [
            118.1343818,
            24.4267371
          ],
          [
            118.1345611,
            24.4270619
          ],
          [
            118.1346184,
            24.4271664
          ],
          [
            118.1346929,
            24.4273024
          ],
          [
            118.1350878,
            24.4279331
          ],
          [
            118.1356333,
            24.4285166
          ],
          [
            118.1360782,
            24.4292127
          ],
          [
            118.136563,
            24.4297853
          ],
          [
            118.1371236,
            24.4303367
          ],
          [
            118.137302,
            24.4305215
          ],
          [
            118.137542,
            24.4306485
          ],
          [
            118.1376627,
            24.4307047
          ],
          [
            118.1378183,
            24.4307731
          ],
          [
            118.1379879,
            24.4308518
          ],
          [
            118.1381033,
            24.4308744
          ],
          [
            118.1382709,
            24.4308781
          ],
          [
            118.1383916,
            24.4308579
          ],
          [
            118.1385666,
            24.4308134
          ],
          [
            118.1389126,
            24.4307242
          ],
          [
            118.1390541,
            24.4306894
          ],
          [
            118.1391748,
            24.4306662
          ],
          [
            118.1392828,
            24.4306455
          ],
          [
            118.1393089,
            24.4306339
          ],
          [
            118.1393257,
            24.4306137
          ],
          [
            118.1393445,
            24.4305612
          ],
          [
            118.1393766,
            24.4305264
          ],
          [
            118.1394035,
            24.4305179
          ],
          [
            118.139437,
            24.4305166
          ],
          [
            118.1395047,
            24.4305313
          ],
          [
            118.1395771,
            24.4305496
          ],
          [
            118.1396529,
            24.4305679
          ],
          [
            118.1397025,
            24.4305887
          ],
          [
            118.1398004,
            24.4306241
          ],
          [
            118.1399198,
            24.4306742
          ],
          [
            118.1400083,
            24.4306949
          ],
          [
            118.1401317,
            24.4307206
          ],
          [
            118.1402028,
            24.4307322
          ],
          [
            118.1402289,
            24.430726
          ],
          [
            118.140241,
            24.4307132
          ],
          [
            118.140241,
            24.4306809
          ],
          [
            118.1402403,
            24.4306271
          ],
          [
            118.1402544,
            24.4305911
          ],
          [
            118.1402705,
            24.4305783
          ],
          [
            118.140302,
            24.4305643
          ],
          [
            118.1403322,
            24.4305698
          ],
          [
            118.1403577,
            24.4305936
          ],
          [
            118.1403751,
            24.4306198
          ],
          [
            118.1404046,
            24.4306931
          ],
          [
            118.1404187,
            24.4307474
          ],
          [
            118.1404482,
            24.4307883
          ],
          [
            118.1404891,
            24.4308164
          ],
          [
            118.1406721,
            24.4309086
          ],
          [
            118.1408223,
            24.4309281
          ],
          [
            118.1409337,
            24.4309171
          ],
          [
            118.1409749,
            24.4309144
          ],
          [
            118.1410175,
            24.430922
          ],
          [
            118.1410544,
            24.4309348
          ],
          [
            118.1410953,
            24.4309483
          ],
          [
            118.1411348,
            24.4309471
          ],
          [
            118.1411697,
            24.4309324
          ],
          [
            118.1411871,
            24.4309214
          ],
          [
            118.1412019,
            24.4308909
          ],
          [
            118.1412032,
            24.430853
          ],
          [
            118.1411838,
            24.4308121
          ],
          [
            118.141165,
            24.4307676
          ],
          [
            118.141161,
            24.4307297
          ],
          [
            118.1411737,
            24.4306998
          ],
          [
            118.1411891,
            24.4306928
          ],
          [
            118.1412093,
            24.4306919
          ],
          [
            118.1412324,
            24.4307065
          ],
          [
            118.1412589,
            24.4307169
          ],
          [
            118.1412981,
            24.4307236
          ],
          [
            118.1413229,
            24.4307239
          ],
          [
            118.1413984,
            24.430701
          ],
          [
            118.1414393,
            24.4306858
          ],
          [
            118.1414862,
            24.4306589
          ],
          [
            118.1415271,
            24.4306351
          ],
          [
            118.1415533,
            24.4306332
          ],
          [
            118.1415734,
            24.4306339
          ],
          [
            118.1415908,
            24.4306473
          ],
          [
            118.1416069,
            24.4306839
          ],
          [
            118.1416337,
            24.4307786
          ],
          [
            118.1416672,
            24.430872
          ],
          [
            118.1417169,
            24.4309794
          ],
          [
            118.141737,
            24.4310624
          ],
          [
            118.1417531,
            24.4311613
          ],
          [
            118.1418067,
            24.4313042
          ],
          [
            118.1418778,
            24.4314397
          ],
          [
            118.1419797,
            24.4315716
          ],
          [
            118.1420696,
            24.4316974
          ],
          [
            118.1423767,
            24.4323885
          ],
          [
            118.1424397,
            24.4325973
          ],
          [
            118.1430841,
            24.4332023
          ],
          [
            118.1436388,
            24.4338469
          ],
          [
            118.1446041,
            24.4351211
          ],
          [
            118.1454092,
            24.435901
          ],
          [
            118.1458616,
            24.4363767
          ],
          [
            118.1473374,
            24.4377336
          ],
          [
            118.1481692,
            24.4385572
          ],
          [
            118.1489899,
            24.439127
          ],
          [
            118.149626,
            24.4398399
          ],
          [
            118.150947,
            24.440745
          ],
          [
            118.1522809,
            24.4416886
          ],
          [
            118.153225,
            24.4422807
          ],
          [
            118.153581,
            24.4425966
          ],
          [
            118.1551765,
            24.443584
          ],
          [
            118.1561978,
            24.4441895
          ],
          [
            118.1563282,
            24.4445198
          ],
          [
            118.1566367,
            24.4447176
          ],
          [
            118.157503,
            24.445416
          ],
          [
            118.1592062,
            24.4465636
          ],
          [
            118.1596622,
            24.4468517
          ],
          [
            118.1602281,
            24.4471618
          ],
          [
            118.1608424,
            24.4474133
          ],
          [
            118.1612447,
            24.4476257
          ],
          [
            118.161926,
            24.4480579
          ],
          [
            118.162213,
            24.4482581
          ],
          [
            118.163538,
            24.4491982
          ],
          [
            118.1655174,
            24.450375
          ],
          [
            118.1673526,
            24.4517745
          ],
          [
            118.168726,
            24.4526805
          ],
          [
            118.1695395,
            24.4534353
          ],
          [
            118.1701496,
            24.4544917
          ],
          [
            118.1705171,
            24.4548091
          ],
          [
            118.1708685,
            24.4551045
          ],
          [
            118.1714371,
            24.4555318
          ],
          [
            118.1718005,
            24.4557796
          ],
          [
            118.1720379,
            24.4559005
          ],
          [
            118.1721613,
            24.4559639
          ],
          [
            118.1722471,
            24.4560421
          ],
          [
            118.1726491,
            24.4564519
          ],
          [
            118.1729472,
            24.456694
          ],
          [
            118.1734809,
            24.4571408
          ],
          [
            118.1741863,
            24.4577585
          ],
          [
            118.1751788,
            24.4585471
          ],
          [
            118.1758359,
            24.4591184
          ],
          [
            118.1766272,
            24.459929
          ],
          [
            118.1770724,
            24.4603806
          ],
          [
            118.1774667,
            24.4608592
          ],
          [
            118.177806,
            24.4612706
          ],
          [
            118.177975,
            24.4614378
          ],
          [
            118.178148,
            24.4615623
          ],
          [
            118.178266,
            24.4616441
          ],
          [
            118.1783424,
            24.4617259
          ],
          [
            118.1784242,
            24.461848
          ],
          [
            118.1785047,
            24.4619944
          ],
          [
            118.1793308,
            24.4631761
          ],
          [
            118.1799692,
            24.4640794
          ],
          [
            118.1803822,
            24.4646409
          ],
          [
            118.1807283,
            24.4650145
          ],
          [
            118.1810313,
            24.4652611
          ],
          [
            118.1812325,
            24.4654442
          ],
          [
            118.1813988,
            24.4657298
          ],
          [
            118.1817153,
            24.4662669
          ],
          [
            118.1820184,
            24.4668199
          ],
          [
            118.1822316,
            24.4672227
          ],
          [
            118.1831208,
            24.4687815
          ],
          [
            118.1835151,
            24.4693912
          ],
          [
            118.1836519,
            24.469603
          ],
          [
            118.183971,
            24.4700534
          ],
          [
            118.1857266,
            24.4724709
          ],
          [
            118.1857795,
            24.4724898
          ],
          [
            118.1858359,
            24.4724886
          ],
          [
            118.1859029,
            24.4724519
          ],
          [
            118.187478,
            24.4715743
          ],
          [
            118.1877194,
            24.471429
          ],
          [
            118.1880292,
            24.4711788
          ],
          [
            118.1883135,
            24.4708566
          ],
          [
            118.1887615,
            24.4705758
          ],
          [
            118.1891209,
            24.4704318
          ],
          [
            118.1895554,
            24.4703561
          ],
          [
            118.1899014,
            24.4703683
          ],
          [
            118.190352,
            24.4704635
          ],
          [
            118.190631,
            24.4706466
          ],
          [
            118.1908469,
            24.4708224
          ],
          [
            118.1910159,
            24.4710006
          ],
          [
            118.1910574,
            24.4710775
          ],
          [
            118.191095,
            24.4712264
          ],
          [
            118.1911433,
            24.4714034
          ],
          [
            118.1911527,
            24.4715914
          ],
          [
            118.1912076,
            24.4717684
          ],
          [
            118.1912935,
            24.4719124
          ],
          [
            118.1914182,
            24.4721114
          ],
          [
            118.191728,
            24.4724409
          ],
          [
            118.1921062,
            24.4729487
          ],
          [
            118.1923798,
            24.4733076
          ],
          [
            118.1926051,
            24.4736835
          ],
          [
            118.1929296,
            24.4743597
          ],
          [
            118.1931992,
            24.4750018
          ],
          [
            118.1934299,
            24.47544
          ],
          [
            118.1936444,
            24.4758232
          ],
          [
            118.1937638,
            24.4760137
          ],
          [
            118.1939207,
            24.4762187
          ],
          [
            118.1941473,
            24.476508
          ],
          [
            118.1943834,
            24.4769352
          ],
          [
            118.1946073,
            24.4774063
          ],
          [
            118.1947683,
            24.4776883
          ],
          [
            118.1948447,
            24.477836
          ],
          [
            118.1949306,
            24.4779531
          ],
          [
            118.1950539,
            24.478146
          ],
          [
            118.1951827,
            24.4783559
          ],
          [
            118.1952846,
            24.478561
          ],
          [
            118.1956923,
            24.4794178
          ],
          [
            118.1959337,
            24.4799988
          ],
          [
            118.1959833,
            24.4801758
          ],
          [
            118.1959927,
            24.4802807
          ],
          [
            118.1959552,
            24.4806127
          ],
          [
            118.1958438,
            24.4808922
          ],
          [
            118.1957191,
            24.4811559
          ],
          [
            118.1956655,
            24.4812303
          ],
          [
            118.1956159,
            24.4812706
          ],
          [
            118.1955408,
            24.4812901
          ],
          [
            118.193517,
            24.4815013
          ],
          [
            118.1922497,
            24.4816343
          ],
          [
            118.1919882,
            24.4816636
          ],
          [
            118.1918152,
            24.4817051
          ],
          [
            118.1915872,
            24.4817979
          ],
          [
            118.1912412,
            24.4819706
          ],
          [
            118.1912009,
            24.4820279
          ],
          [
            118.1911828,
            24.4820755
          ],
          [
            118.1911828,
            24.4821347
          ],
          [
            118.1912291,
            24.4823239
          ],
          [
            118.1912962,
            24.4825265
          ],
          [
            118.1914048,
            24.4827633
          ],
          [
            118.1915027,
            24.4829476
          ],
          [
            118.1915778,
            24.4830745
          ],
          [
            118.1917106,
            24.4832332
          ],
          [
            118.1917816,
            24.4833235
          ],
          [
            118.1918795,
            24.4833699
          ],
          [
            118.1925045,
            24.4834743
          ],
          [
            118.1925575,
            24.4834852
          ],
          [
            118.1926601,
            24.4834767
          ],
          [
            118.1929135,
            24.4834016
          ],
          [
            118.193045,
            24.4833357
          ],
          [
            118.1933212,
            24.4830806
          ],
          [
            118.1933373,
            24.483055
          ],
          [
            118.19334,
            24.4830135
          ],
          [
            118.1931663,
            24.4825528
          ],
          [
            118.1931797,
            24.482493
          ],
          [
            118.1932253,
            24.4824667
          ],
          [
            118.1933051,
            24.4824393
          ],
          [
            118.1937343,
            24.4823911
          ],
          [
            118.193969,
            24.4823386
          ],
          [
            118.1946529,
            24.4821628
          ],
          [
            118.1948313,
            24.4821433
          ],
          [
            118.195015,
            24.4821408
          ],
          [
            118.1955501,
            24.4821811
          ],
          [
            118.1959122,
            24.4821787
          ],
          [
            118.1961966,
            24.4821396
          ],
          [
            118.1966123,
            24.4820981
          ],
          [
            118.1968135,
            24.4821738
          ],
          [
            118.1970307,
            24.4823251
          ],
          [
            118.1970924,
            24.4825033
          ],
          [
            118.1971621,
            24.482806
          ],
          [
            118.1971595,
            24.4830355
          ],
          [
            118.1970844,
            24.483221
          ],
          [
            118.1969798,
            24.4833113
          ],
          [
            118.1968939,
            24.4833601
          ],
          [
            118.1968001,
            24.4833748
          ],
          [
            118.1966042,
            24.483282
          ],
          [
            118.1964138,
            24.4832479
          ],
          [
            118.1962797,
            24.4832747
          ],
          [
            118.1961858,
            24.483365
          ],
          [
            118.1961563,
            24.4835139
          ],
          [
            118.1961939,
            24.483658
          ],
          [
            118.1962797,
            24.4837849
          ],
          [
            118.1966364,
            24.4840119
          ],
          [
            118.1969771,
            24.4842658
          ],
          [
            118.1971514,
            24.4845172
          ],
          [
            118.1972158,
            24.4847076
          ],
          [
            118.1972319,
            24.48492
          ],
          [
            118.197256,
            24.4851579
          ],
          [
            118.1972788,
            24.4852422
          ],
          [
            118.1973338,
            24.4853093
          ],
          [
            118.1974572,
            24.4853654
          ],
          [
            118.1976771,
            24.485468
          ],
          [
            118.1977214,
            24.48554
          ],
          [
            118.1977187,
            24.4856132
          ],
          [
            118.1976852,
            24.4856657
          ],
          [
            118.1976235,
            24.4857023
          ],
          [
            118.1974934,
            24.4857267
          ],
          [
            118.1973003,
            24.4857316
          ],
          [
            118.1970844,
            24.4857499
          ],
          [
            118.1969932,
            24.4858329
          ],
          [
            118.1969207,
            24.4859671
          ],
          [
            118.1968081,
            24.4868849
          ],
          [
            118.196454,
            24.489033
          ],
          [
            118.196336,
            24.4909662
          ],
          [
            118.1962931,
            24.4918205
          ],
          [
            118.1961644,
            24.4924356
          ],
          [
            118.1958961,
            24.4939782
          ],
          [
            118.1956923,
            24.4961017
          ],
          [
            118.1954992,
            24.4976345
          ],
          [
            118.1955421,
            24.4991868
          ],
          [
            118.1955635,
            24.5004804
          ],
          [
            118.1954992,
            24.5018179
          ],
          [
            118.1954026,
            24.5033994
          ],
          [
            118.1951344,
            24.5052152
          ],
          [
            118.194944,
            24.5066942
          ],
          [
            118.1949493,
            24.5073995
          ],
          [
            118.1948689,
            24.5078755
          ],
          [
            118.1948233,
            24.5081537
          ],
          [
            118.1944746,
            24.5092422
          ],
          [
            118.1942868,
            24.5100671
          ],
          [
            118.1941152,
            24.5111238
          ],
          [
            118.1940696,
            24.5117925
          ],
          [
            118.1940722,
            24.5127516
          ],
          [
            118.1940937,
            24.5139279
          ],
          [
            118.1942332,
            24.5149821
          ],
          [
            118.1943566,
            24.5161804
          ],
          [
            118.1944263,
            24.5169833
          ],
          [
            118.1944853,
            24.5174396
          ],
          [
            118.1945845,
            24.5182718
          ],
          [
            118.1946543,
            24.5187672
          ],
          [
            118.1947052,
            24.5191869
          ],
          [
            118.1947026,
            24.5194309
          ],
          [
            118.1945845,
            24.5197287
          ],
          [
            118.1945229,
            24.5199459
          ],
          [
            118.1943539,
            24.5203778
          ],
          [
            118.1940857,
            24.5209269
          ],
          [
            118.1939757,
            24.5213759
          ],
          [
            118.1938899,
            24.5224545
          ],
          [
            118.1938389,
            24.5239845
          ],
          [
            118.1937665,
            24.5254804
          ],
          [
            118.1937289,
            24.5263088
          ],
          [
            118.1937075,
            24.5266956
          ],
          [
            118.193686,
            24.526975
          ],
          [
            118.1936364,
            24.5274618
          ],
          [
            118.1936639,
            24.5276149
          ],
          [
            118.1936947,
            24.5277217
          ],
          [
            118.1937209,
            24.5278059
          ],
          [
            118.1937745,
            24.5278937
          ],
          [
            118.1938456,
            24.5279669
          ],
          [
            118.1939207,
            24.5280584
          ],
          [
            118.1940186,
            24.5281463
          ],
          [
            118.194201,
            24.5283085
          ],
          [
            118.1943592,
            24.5284476
          ],
          [
            118.1944236,
            24.5286038
          ],
          [
            118.1944732,
            24.5287624
          ],
          [
            118.1944853,
            24.5288832
          ],
          [
            118.1944424,
            24.528971
          ],
          [
            118.1943955,
            24.5290076
          ],
          [
            118.194256,
            24.5290796
          ],
          [
            118.1938885,
            24.5292401
          ],
          [
            118.1937511,
            24.5292767
          ],
          [
            118.1935432,
            24.5292791
          ],
          [
            118.1931254,
            24.5293017
          ],
          [
            118.1928465,
            24.5293676
          ],
          [
            118.1924736,
            24.5295286
          ],
          [
            118.1919533,
            24.5297311
          ],
          [
            118.1916542,
            24.5298471
          ],
          [
            118.1914949,
            24.5298994
          ],
          [
            118.1913123,
            24.5299544
          ],
          [
            118.1911781,
            24.5299935
          ],
          [
            118.191103,
            24.5300398
          ],
          [
            118.1910506,
            24.5301043
          ],
          [
            118.1909837,
            24.5302094
          ],
          [
            118.1909662,
            24.5302332
          ],
          [
            118.1909314,
            24.5302509
          ],
          [
            118.1908663,
            24.5302405
          ],
          [
            118.1908067,
            24.5302143
          ],
          [
            118.1906833,
            24.5300789
          ],
          [
            118.1905344,
            24.529808
          ],
          [
            118.190458,
            24.5296775
          ],
          [
            118.1904285,
            24.5295335
          ],
          [
            118.1904191,
            24.529295
          ],
          [
            118.190405,
            24.5290772
          ],
          [
            118.1904151,
            24.5290247
          ],
          [
            118.1904674,
            24.5289668
          ],
          [
            118.190578,
            24.5289058
          ],
          [
            118.1907316,
            24.5288618
          ],
          [
            118.190973,
            24.5287636
          ],
          [
            118.1910031,
            24.5287429
          ],
          [
            118.1910206,
            24.5287246
          ],
          [
            118.1910313,
            24.5286874
          ],
          [
            118.1910199,
            24.5286258
          ],
          [
            118.1909609,
            24.5285007
          ],
          [
            118.1908925,
            24.5283647
          ],
          [
            118.1907932,
            24.5282244
          ],
          [
            118.1907061,
            24.5281231
          ],
          [
            118.1905948,
            24.527934
          ],
          [
            118.1905522,
            24.5278742
          ],
          [
            118.1905341,
            24.5278483
          ],
          [
            118.1904727,
            24.5277192
          ],
          [
            118.1904607,
            24.5277116
          ],
          [
            118.1904415,
            24.5277098
          ],
          [
            118.1899946,
            24.5277656
          ],
          [
            118.1899705,
            24.5277809
          ],
          [
            118.189953,
            24.5278053
          ],
          [
            118.1899618,
            24.528128
          ],
          [
            118.1900489,
            24.5294005
          ],
          [
            118.1900335,
            24.5294475
          ],
          [
            118.1899939,
            24.5294841
          ],
          [
            118.189945,
            24.5295079
          ],
          [
            118.1896828,
            24.5295866
          ],
          [
            118.1896614,
            24.5295988
          ],
          [
            118.1896412,
            24.529622
          ],
          [
            118.1896332,
            24.5296579
          ],
          [
            118.1896305,
            24.5302826
          ],
          [
            118.1896761,
            24.5320444
          ],
          [
            118.1896949,
            24.532131
          ],
          [
            118.1897271,
            24.5321749
          ],
          [
            118.1903182,
            24.5329063
          ],
          [
            118.1903212,
            24.5329164
          ],
          [
            118.1903208,
            24.5329237
          ],
          [
            118.1903135,
            24.5329359
          ],
          [
            118.1902917,
            24.5329545
          ],
          [
            118.1900511,
            24.5331175
          ],
          [
            118.1900354,
            24.5331281
          ],
          [
            118.1900004,
            24.5331519
          ],
          [
            118.1895834,
            24.5334344
          ],
          [
            118.1895549,
            24.5334537
          ],
          [
            118.189521,
            24.5334757
          ],
          [
            118.1891715,
            24.5337024
          ],
          [
            118.1891194,
            24.5337362
          ],
          [
            118.1886889,
            24.5340127
          ],
          [
            118.1886297,
            24.5340515
          ],
          [
            118.1882872,
            24.534276
          ],
          [
            118.1882235,
            24.5343174
          ],
          [
            118.1877993,
            24.5345925
          ],
          [
            118.1877811,
            24.5346043
          ],
          [
            118.1877475,
            24.5346261
          ],
          [
            118.1874996,
            24.534783
          ],
          [
            118.1873174,
            24.5345582
          ],
          [
            118.1870799,
            24.5347053
          ],
          [
            118.1870014,
            24.5347582
          ],
          [
            118.1866392,
            24.5349985
          ],
          [
            118.1862675,
            24.5352379
          ],
          [
            118.185465,
            24.5357874
          ],
          [
            118.1854067,
            24.5358255
          ],
          [
            118.1853923,
            24.5358258
          ],
          [
            118.1853826,
            24.535821
          ],
          [
            118.1850181,
            24.5353711
          ],
          [
            118.185004,
            24.5353671
          ],
          [
            118.1849886,
            24.5353705
          ],
          [
            118.1848552,
            24.5354586
          ],
          [
            118.1848404,
            24.5354607
          ],
          [
            118.18483,
            24.535458
          ],
          [
            118.184821,
            24.5354467
          ],
          [
            118.1842808,
            24.5347004
          ],
          [
            118.183739,
            24.53403
          ],
          [
            118.1837095,
            24.5340159
          ],
          [
            118.1836747,
            24.5340233
          ],
          [
            118.1819862,
            24.5356996
          ],
          [
            118.1795923,
            24.5380041
          ],
          [
            118.1788313,
            24.5387398
          ],
          [
            118.178203,
            24.5392461
          ],
          [
            118.1774037,
            24.5397798
          ],
          [
            118.1764314,
            24.5403148
          ],
          [
            118.1757782,
            24.5406063
          ],
          [
            118.1748489,
            24.5409906
          ],
          [
            118.1748073,
            24.541001
          ],
          [
            118.1747892,
            24.5409967
          ],
          [
            118.1747764,
            24.5409754
          ],
          [
            118.1744874,
            24.5403977
          ],
          [
            118.1744774,
            24.5403544
          ],
          [
            118.1744874,
            24.5403355
          ],
          [
            118.1745297,
            24.5403141
          ],
          [
            118.174704,
            24.5402483
          ],
          [
            118.1749253,
            24.5401403
          ],
          [
            118.1754322,
            24.5398512
          ],
          [
            118.1755371,
            24.5397707
          ],
          [
            118.1758453,
            24.539534
          ],
          [
            118.1759781,
            24.5393864
          ],
          [
            118.1761618,
            24.5391314
          ],
          [
            118.1762771,
            24.5388301
          ],
          [
            118.1762959,
            24.5386422
          ],
          [
            118.1762812,
            24.5384677
          ],
          [
            118.176249,
            24.5382811
          ],
          [
            118.1761622,
            24.5379021
          ],
          [
            118.1760317,
            24.5373319
          ],
          [
            118.1759442,
            24.5368643
          ],
          [
            118.1758963,
            24.5366085
          ],
          [
            118.1758802,
            24.5364804
          ],
          [
            118.175852,
            24.5359777
          ],
          [
            118.1758621,
            24.5357539
          ],
          [
            118.1758661,
            24.5357337
          ],
          [
            118.1758741,
            24.5357051
          ],
          [
            118.1758758,
            24.5356651
          ],
          [
            118.1758721,
            24.5355702
          ],
          [
            118.1758765,
            24.5355358
          ],
          [
            118.1758808,
            24.5354946
          ],
          [
            118.1759056,
            24.5351408
          ],
          [
            118.176017,
            24.5347004
          ],
          [
            118.1761625,
            24.5343188
          ],
          [
            118.1761695,
            24.5343005
          ],
          [
            118.1761782,
            24.5342752
          ],
          [
            118.1762327,
            24.5341392
          ],
          [
            118.1763613,
            24.5338183
          ],
          [
            118.176378,
            24.5337826
          ],
          [
            118.1763921,
            24.533757
          ],
          [
            118.1764947,
            24.5334912
          ],
          [
            118.1770411,
            24.5320751
          ],
          [
            118.1772721,
            24.5314764
          ],
          [
            118.1773782,
            24.5312013
          ],
          [
            118.1774895,
            24.5308743
          ],
          [
            118.177578,
            24.5303705
          ],
          [
            118.1775917,
            24.5300583
          ],
          [
            118.1776021,
            24.5298214
          ],
          [
            118.1775726,
            24.5294139
          ],
          [
            118.1775312,
            24.5292123
          ],
          [
            118.1774881,
            24.5290022
          ],
          [
            118.1773976,
            24.5287038
          ],
          [
            118.1773064,
            24.5284837
          ],
          [
            118.1772585,
            24.5283683
          ],
          [
            118.1772434,
            24.5283421
          ],
          [
            118.1772296,
            24.5283278
          ],
          [
            118.1771985,
            24.5283171
          ],
          [
            118.1771643,
            24.5283064
          ],
          [
            118.1771281,
            24.528293
          ],
          [
            118.1770972,
            24.5282567
          ],
          [
            118.1770845,
            24.5282231
          ],
          [
            118.1770791,
            24.5281768
          ],
          [
            118.177053,
            24.5281347
          ],
          [
            118.1769765,
            24.5280908
          ],
          [
            118.1768545,
            24.5280694
          ],
          [
            118.1767304,
            24.5280773
          ],
          [
            118.1765306,
            24.5281036
          ],
          [
            118.1763978,
            24.5280779
          ],
          [
            118.176312,
            24.5280108
          ],
          [
            118.1762651,
            24.5279059
          ],
          [
            118.1762141,
            24.5277925
          ],
          [
            118.1761618,
            24.5276973
          ],
          [
            118.1760626,
            24.5276363
          ],
          [
            118.1755073,
            24.5274374
          ],
          [
            118.1752761,
            24.5273571
          ],
          [
            118.1751278,
            24.5273056
          ],
          [
            118.1746879,
            24.5270555
          ],
          [
            118.1743538,
            24.5267758
          ],
          [
            118.1740546,
            24.5264922
          ],
          [
            118.174006,
            24.5264259
          ],
          [
            118.1739617,
            24.5263582
          ],
          [
            118.1739061,
            24.5262612
          ],
          [
            118.1737485,
            24.5260168
          ],
          [
            118.1736398,
            24.5258482
          ],
          [
            118.1735882,
            24.5257457
          ],
          [
            118.1734997,
            24.5255292
          ],
          [
            118.1734219,
            24.525168
          ],
          [
            118.1733884,
            24.5249801
          ],
          [
            118.1733884,
            24.5248264
          ],
          [
            118.1733978,
            24.5246812
          ],
          [
            118.1733991,
            24.5245628
          ],
          [
            118.1734253,
            24.5243241
          ],
          [
            118.1734112,
            24.524148
          ],
          [
            118.1733723,
            24.5238357
          ],
          [
            118.1733153,
            24.5236343
          ],
          [
            118.1732026,
            24.5234446
          ],
          [
            118.1731322,
            24.5233418
          ],
          [
            118.1731128,
            24.5233134
          ],
          [
            118.1729203,
            24.5231487
          ],
          [
            118.172636,
            24.5230233
          ],
          [
            118.1723584,
            24.5229145
          ],
          [
            118.1721117,
            24.5228291
          ],
          [
            118.171672,
            24.5227024
          ],
          [
            118.1715706,
            24.5226657
          ],
          [
            118.1713663,
            24.5225919
          ],
          [
            118.1711939,
            24.5224849
          ],
          [
            118.1710428,
            24.5223422
          ],
          [
            118.1710066,
            24.5222891
          ],
          [
            118.170965,
            24.5222043
          ],
          [
            118.170902,
            24.5220396
          ],
          [
            118.1706431,
            24.5210782
          ],
          [
            118.1705104,
            24.5205303
          ],
          [
            118.1703548,
            24.520196
          ],
          [
            118.1701858,
            24.5199727
          ],
          [
            118.169935,
            24.5198116
          ],
          [
            118.1697741,
            24.5197592
          ],
          [
            118.1695059,
            24.5197226
          ],
          [
            118.1690486,
            24.5196884
          ],
          [
            118.1688018,
            24.519631
          ],
          [
            118.168425,
            24.5194785
          ],
          [
            118.1677303,
            24.5191735
          ],
          [
            118.1675123,
            24.5190472
          ],
          [
            118.1674285,
            24.5189923
          ],
          [
            118.167401,
            24.5189624
          ],
          [
            118.1673856,
            24.5189282
          ],
          [
            118.1672984,
            24.5183938
          ],
          [
            118.1672438,
            24.5181281
          ],
          [
            118.167044,
            24.5178607
          ],
          [
            118.1667579,
            24.5175826
          ],
          [
            118.1663347,
            24.5173295
          ],
          [
            118.1659585,
            24.5171904
          ],
          [
            118.1655039,
            24.5170871
          ],
          [
            118.1651552,
            24.5169944
          ],
          [
            118.1646424,
            24.5167337
          ],
          [
            118.1644124,
            24.5166111
          ],
          [
            118.1643628,
            24.5165849
          ],
          [
            118.1643346,
            24.5165782
          ],
          [
            118.1642702,
            24.5165934
          ],
          [
            118.1641596,
            24.5166166
          ],
          [
            118.1640496,
            24.5166276
          ],
          [
            118.163937,
            24.5166038
          ],
          [
            118.163715,
            24.5165246
          ],
          [
            118.1619741,
            24.5159503
          ],
          [
            118.1617363,
            24.5159145
          ],
          [
            118.1614874,
            24.5159229
          ],
          [
            118.1612098,
            24.5160071
          ],
          [
            118.1609957,
            24.5161689
          ],
          [
            118.1608457,
            24.5163024
          ],
          [
            118.160723,
            24.5165135
          ],
          [
            118.1606707,
            24.5167063
          ],
          [
            118.1606502,
            24.5169012
          ],
          [
            118.1606489,
            24.51695
          ],
          [
            118.1606439,
            24.5169744
          ],
          [
            118.1606355,
            24.5169915
          ],
          [
            118.1605413,
            24.5171324
          ],
          [
            118.1605352,
            24.5171465
          ],
          [
            118.1605352,
            24.5171639
          ],
          [
            118.1605406,
            24.5171822
          ],
          [
            118.1606251,
            24.5173133
          ],
          [
            118.1606298,
            24.5173332
          ],
          [
            118.1606254,
            24.5173499
          ],
          [
            118.1606117,
            24.5173725
          ],
          [
            118.1604152,
            24.5176129
          ],
          [
            118.1603133,
            24.5177398
          ],
          [
            118.1602469,
            24.5178429
          ],
          [
            118.1602355,
            24.5178893
          ],
          [
            118.1602409,
            24.5179259
          ],
          [
            118.1602509,
            24.517968
          ],
          [
            118.1602918,
            24.5180881
          ],
          [
            118.1603917,
            24.5182864
          ],
          [
            118.1605366,
            24.518517
          ],
          [
            118.1606761,
            24.5186866
          ],
          [
            118.1608357,
            24.5188501
          ],
          [
            118.1609657,
            24.5189563
          ],
          [
            118.1612319,
            24.5191259
          ],
          [
            118.161521,
            24.5192735
          ],
          [
            118.1616691,
            24.5193309
          ],
          [
            118.1617215,
            24.5193358
          ],
          [
            118.1617959,
            24.5193223
          ],
          [
            118.162168,
            24.5192339
          ],
          [
            118.1622297,
            24.5192223
          ],
          [
            118.1622928,
            24.5192278
          ],
          [
            118.1625107,
            24.5192589
          ],
          [
            118.1627179,
            24.5192876
          ],
          [
            118.1627849,
            24.5193047
          ],
          [
            118.1628143,
            24.5193222
          ],
          [
            118.1630941,
            24.5194889
          ],
          [
            118.163143,
            24.5195194
          ],
          [
            118.1632101,
            24.5195493
          ],
          [
            118.1632671,
            24.5195609
          ],
          [
            118.163428,
            24.5195554
          ],
          [
            118.1641927,
            24.5196534
          ],
          [
            118.1650541,
            24.5198396
          ],
          [
            118.1657354,
            24.5200776
          ],
          [
            118.1661334,
            24.5202686
          ],
          [
            118.1661605,
            24.5202805
          ],
          [
            118.166186,
            24.5202841
          ],
          [
            118.1662118,
            24.5202826
          ],
          [
            118.1662165,
            24.5202451
          ],
          [
            118.1663124,
            24.5202259
          ],
          [
            118.1663573,
            24.5202393
          ],
          [
            118.166485,
            24.5203272
          ],
          [
            118.1669337,
            24.5206608
          ],
          [
            118.1670584,
            24.5207951
          ],
          [
            118.1671241,
            24.5208457
          ],
          [
            118.1671415,
            24.5208707
          ],
          [
            118.1671489,
            24.5209
          ],
          [
            118.1671737,
            24.5209958
          ],
          [
            118.1671945,
            24.5210287
          ],
          [
            118.1672153,
            24.5210464
          ],
          [
            118.1672716,
            24.5210763
          ],
          [
            118.1673387,
            24.5211141
          ],
          [
            118.1675402,
            24.5212969
          ],
          [
            118.1678811,
            24.5216528
          ],
          [
            118.1680669,
            24.5218688
          ],
          [
            118.1683552,
            24.5222385
          ],
          [
            118.1684853,
            24.5224374
          ],
          [
            118.1686409,
            24.5227131
          ],
          [
            118.1688313,
            24.5231121
          ],
          [
            118.1689507,
            24.5234355
          ],
          [
            118.1690888,
            24.5238308
          ],
          [
            118.1692256,
            24.5244189
          ],
          [
            118.1693168,
            24.5247581
          ],
          [
            118.169349,
            24.5248898
          ],
          [
            118.1693932,
            24.5250533
          ],
          [
            118.1694536,
            24.5253498
          ],
          [
            118.1694824,
            24.5254926
          ],
          [
            118.1695119,
            24.5256548
          ],
          [
            118.1695126,
            24.5257149
          ],
          [
            118.1695022,
            24.5257372
          ],
          [
            118.1694895,
            24.5257607
          ],
          [
            118.1694791,
            24.5257808
          ],
          [
            118.1694757,
            24.5258074
          ],
          [
            118.1694804,
            24.5258647
          ],
          [
            118.1694965,
            24.5261502
          ],
          [
            118.1695139,
            24.5268164
          ],
          [
            118.1695126,
            24.5272178
          ],
          [
            118.1695106,
            24.5274161
          ],
          [
            118.1695059,
            24.5274685
          ],
          [
            118.1695126,
            24.5275155
          ],
          [
            118.1697553,
            24.5280523
          ],
          [
            118.1697922,
            24.5281438
          ],
          [
            118.1698016,
            24.5282024
          ],
          [
            118.1697956,
            24.5282268
          ],
          [
            118.1697842,
            24.5282457
          ],
          [
            118.1697553,
            24.5282634
          ],
          [
            118.1697198,
            24.5282854
          ],
          [
            118.1696826,
            24.5283293
          ],
          [
            118.1694938,
            24.5286319
          ],
          [
            118.1693208,
            24.5289503
          ],
          [
            118.1693101,
            24.5291175
          ],
          [
            118.1692873,
            24.5292443
          ],
          [
            118.1692022,
            24.5293795
          ],
          [
            118.1689963,
            24.5297067
          ],
          [
            118.1688863,
            24.5299044
          ],
          [
            118.1687415,
            24.530307
          ],
          [
            118.1686422,
            24.5306023
          ],
          [
            118.1684464,
            24.530839
          ],
          [
            118.1679234,
            24.5312221
          ],
          [
            118.1675519,
            24.53146
          ],
          [
            118.1673105,
            24.5316466
          ],
          [
            118.1671737,
            24.5317882
          ],
          [
            118.1670208,
            24.5320541
          ],
          [
            118.1668425,
            24.5323347
          ],
          [
            118.1664509,
            24.5329399
          ],
          [
            118.1662524,
            24.5332083
          ],
          [
            118.1660485,
            24.5334157
          ],
          [
            118.1659681,
            24.5335328
          ],
          [
            118.1659573,
            24.5336329
          ],
          [
            118.1659842,
            24.5338598
          ],
          [
            118.1659573,
            24.5340916
          ],
          [
            118.1655952,
            24.5351188
          ],
          [
            118.1653176,
            24.5356007
          ],
          [
            118.1652573,
            24.5356703
          ],
          [
            118.1652224,
            24.5357776
          ],
          [
            118.1652479,
            24.5359204
          ],
          [
            118.1653847,
            24.5362791
          ],
          [
            118.1654987,
            24.5365743
          ],
          [
            118.165673,
            24.5369281
          ],
          [
            118.165732,
            24.5371001
          ],
          [
            118.1658179,
            24.5372782
          ],
          [
            118.1659634,
            24.5374923
          ],
          [
            118.1662745,
            24.537859
          ],
          [
            118.1664609,
            24.5380261
          ],
          [
            118.1667311,
            24.5382658
          ],
          [
            118.167171,
            24.5385507
          ],
          [
            118.1676914,
            24.5388484
          ],
          [
            118.1680287,
            24.5390344
          ],
          [
            118.1685068,
            24.5392851
          ],
          [
            118.1690164,
            24.5396731
          ],
          [
            118.1693262,
            24.5399695
          ],
          [
            118.1695116,
            24.5402242
          ],
          [
            118.1699538,
            24.5408174
          ],
          [
            118.1702636,
            24.5413041
          ],
          [
            118.1704541,
            24.5416616
          ],
          [
            118.1706451,
            24.5420208
          ],
          [
            118.17091,
            24.5425192
          ],
          [
            118.1709167,
            24.5426009
          ],
          [
            118.1708832,
            24.5426485
          ],
          [
            118.1708094,
            24.54269
          ],
          [
            118.1683335,
            24.5436943
          ],
          [
            118.1624144,
            24.5460824
          ],
          [
            118.1616881,
            24.5463287
          ],
          [
            118.1607889,
            24.5465699
          ],
          [
            118.1598721,
            24.5467273
          ],
          [
            118.1587831,
            24.5468373
          ],
          [
            118.1580966,
            24.5468463
          ],
          [
            118.1572815,
            24.5468007
          ],
          [
            118.156572,
            24.5467282
          ],
          [
            118.1565817,
            24.5467749
          ],
          [
            118.1549372,
            24.5467082
          ],
          [
            118.1544326,
            24.5467215
          ],
          [
            118.1539107,
            24.5468303
          ],
          [
            118.1535165,
            24.5469785
          ],
          [
            118.1530358,
            24.5472436
          ],
          [
            118.152847,
            24.5474018
          ],
          [
            118.1526194,
            24.5475925
          ],
          [
            118.1508776,
            24.5493917
          ],
          [
            118.1504481,
            24.5498311
          ],
          [
            118.1496345,
            24.5505705
          ],
          [
            118.147649,
            24.5522301
          ],
          [
            118.1467649,
            24.5530408
          ],
          [
            118.1463029,
            24.5535316
          ],
          [
            118.1417319,
            24.5589528
          ],
          [
            118.1413197,
            24.5593197
          ],
          [
            118.1409818,
            24.5595325
          ],
          [
            118.1406791,
            24.559689
          ],
          [
            118.1402524,
            24.5598306
          ],
          [
            118.1398298,
            24.5599035
          ],
          [
            118.1378984,
            24.5600527
          ],
          [
            118.1374216,
            24.5600704
          ],
          [
            118.1369255,
            24.5600123
          ],
          [
            118.1364037,
            24.559867
          ],
          [
            118.1360486,
            24.5597034
          ],
          [
            118.1356822,
            24.5595284
          ],
          [
            118.135297,
            24.559231
          ],
          [
            118.1348775,
            24.5589761
          ],
          [
            118.1345101,
            24.558849
          ],
          [
            118.1343181,
            24.5589824
          ],
          [
            118.1337237,
            24.5588883
          ],
          [
            118.1336794,
            24.5586959
          ],
          [
            118.1285091,
            24.5579452
          ],
          [
            118.1247096,
            24.557371
          ],
          [
            118.121795,
            24.5569729
          ],
          [
            118.1193412,
            24.5566285
          ],
          [
            118.1157678,
            24.5561257
          ],
          [
            118.1140619,
            24.5558524
          ],
          [
            118.1135778,
            24.5557927
          ],
          [
            118.1134075,
            24.5558171
          ],
          [
            118.1132734,
            24.555872
          ],
          [
            118.1131513,
            24.5559244
          ],
          [
            118.1129569,
            24.5559525
          ],
          [
            118.1127812,
            24.5559732
          ],
          [
            118.1122944,
            24.5559903
          ],
          [
            118.1120905,
            24.5559927
          ],
          [
            118.1120221,
            24.5559866
          ],
          [
            118.1119148,
            24.5559635
          ],
          [
            118.1118089,
            24.5559061
          ],
          [
            118.111652,
            24.5558037
          ],
          [
            118.1115541,
            24.5557634
          ],
          [
            118.1099528,
            24.5556036
          ],
          [
            118.1075147,
            24.5552401
          ],
          [
            118.1068414,
            24.5551254
          ],
          [
            118.1063506,
            24.5550547
          ],
          [
            118.105841,
            24.5549181
          ],
          [
            118.1055057,
            24.5547863
          ],
          [
            118.1052147,
            24.554618
          ],
          [
            118.1051329,
            24.5545826
          ],
          [
            118.1050216,
            24.554568
          ],
          [
            118.1049237,
            24.5545838
          ],
          [
            118.1047641,
            24.5546973
          ],
          [
            118.1046635,
            24.55479
          ],
          [
            118.1045173,
            24.5549205
          ],
          [
            118.1044476,
            24.5549876
          ],
          [
            118.1043644,
            24.5549986
          ],
          [
            118.1042531,
            24.5549595
          ],
          [
            118.1041901,
            24.5549059
          ],
          [
            118.1041458,
            24.5548241
          ],
          [
            118.1041378,
            24.554718
          ],
          [
            118.1041646,
            24.5546326
          ],
          [
            118.1042397,
            24.5545009
          ],
          [
            118.1042907,
            24.5543899
          ],
          [
            118.104406,
            24.5542459
          ],
          [
            118.1044905,
            24.5541728
          ],
          [
            118.1045227,
            24.5541142
          ],
          [
            118.1045173,
            24.554052
          ],
          [
            118.1044342,
            24.553952
          ],
          [
            118.1043215,
            24.5538275
          ],
          [
            118.1042451,
            24.5537739
          ],
          [
            118.1041391,
            24.5537788
          ],
          [
            118.1040721,
            24.5538141
          ],
          [
            118.1028028,
            24.5550777
          ],
          [
            118.1025513,
            24.5552169
          ],
          [
            118.1023957,
            24.5552584
          ],
          [
            118.1022079,
            24.5552791
          ],
          [
            118.1019866,
            24.5552486
          ],
          [
            118.1018633,
            24.5551864
          ],
          [
            118.1015655,
            24.5548351
          ],
          [
            118.1010586,
            24.5543301
          ],
          [
            118.1008494,
            24.5542057
          ],
          [
            118.1006938,
            24.554174
          ],
          [
            118.1005463,
            24.5541667
          ],
          [
            118.100494,
            24.5541654
          ],
          [
            118.1003961,
            24.5541362
          ],
          [
            118.1002875,
            24.5540056
          ],
          [
            118.1002513,
            24.5539203
          ],
          [
            118.1002432,
            24.5538202
          ],
          [
            118.1002392,
            24.5537385
          ],
          [
            118.1002459,
            24.553486
          ],
          [
            118.1002553,
            24.5534091
          ],
          [
            118.1003559,
            24.5530834
          ],
          [
            118.1004095,
            24.5528114
          ],
          [
            118.1004819,
            24.5526626
          ],
          [
            118.1005597,
            24.5525528
          ],
          [
            118.1007273,
            24.5524418
          ],
          [
            118.1010385,
            24.552243
          ],
          [
            118.1010988,
            24.5521966
          ],
          [
            118.1011216,
            24.5521429
          ],
          [
            118.1011096,
            24.552082
          ],
          [
            118.1010774,
            24.5520429
          ],
          [
            118.1009902,
            24.5519966
          ],
          [
            118.1008051,
            24.5519539
          ],
          [
            118.1006107,
            24.5518538
          ],
          [
            118.1004336,
            24.5517166
          ],
          [
            118.1004001,
            24.5517105
          ],
          [
            118.100378,
            24.551713
          ],
          [
            118.1003425,
            24.5517441
          ],
          [
            118.1002901,
            24.5518038
          ],
          [
            118.1002767,
            24.5518758
          ],
          [
            118.1002767,
            24.5519246
          ],
          [
            118.1002593,
            24.5519624
          ],
          [
            118.1001627,
            24.5520893
          ],
          [
            118.1001446,
            24.5520893
          ],
          [
            118.1001218,
            24.552082
          ],
          [
            118.1000407,
            24.5520234
          ],
          [
            118.0996934,
            24.5517929
          ],
          [
            118.0989906,
            24.5512878
          ],
          [
            118.0970366,
            24.5499643
          ],
          [
            118.0970179,
            24.549907
          ],
          [
            118.0970313,
            24.5498606
          ],
          [
            118.1014894,
            24.5445501
          ],
          [
            118.1015092,
            24.5444992
          ],
          [
            118.1015065,
            24.5444778
          ],
          [
            118.1014955,
            24.5444562
          ],
          [
            118.1014676,
            24.5444327
          ],
          [
            118.1014435,
            24.544411
          ],
          [
            118.1014257,
            24.544383
          ],
          [
            118.1014033,
            24.5443339
          ],
          [
            118.0995821,
            24.5430509
          ],
          [
            118.0978292,
            24.5418434
          ],
          [
            118.097738,
            24.5418165
          ],
          [
            118.0976294,
            24.5418299
          ],
          [
            118.0975503,
            24.5418592
          ],
          [
            118.0934961,
            24.5466779
          ],
          [
            118.0934237,
            24.546706
          ],
          [
            118.0933513,
            24.5467121
          ],
          [
            118.093307,
            24.5467011
          ],
          [
            118.0878304,
            24.5407408
          ],
          [
            118.0875926,
            24.5404604
          ],
          [
            118.0876981,
            24.5403878
          ],
          [
            118.0879398,
            24.540639
          ],
          [
            118.0894614,
            24.5394272
          ],
          [
            118.0894701,
            24.5394034
          ],
          [
            118.0894621,
            24.5393845
          ],
          [
            118.0892676,
            24.5391729
          ],
          [
            118.0892757,
            24.539146
          ],
          [
            118.0893018,
            24.5391088
          ],
          [
            118.0910084,
            24.5377705
          ],
          [
            118.0910895,
            24.5376784
          ],
          [
            118.0911391,
            24.5376259
          ],
          [
            118.0911673,
            24.5375558
          ],
          [
            118.091174,
            24.5374911
          ],
          [
            118.0911867,
            24.5374484
          ],
          [
            118.0912203,
            24.5374289
          ],
          [
            118.0912732,
            24.5374167
          ],
          [
            118.0913343,
            24.537413
          ],
          [
            118.0914161,
            24.5373899
          ],
          [
            118.0914395,
            24.5373758
          ],
          [
            118.0914697,
            24.5373331
          ],
          [
            118.0914509,
            24.5372599
          ],
          [
            118.091408,
            24.5372038
          ],
          [
            118.0913396,
            24.5371477
          ],
          [
            118.091184,
            24.5370952
          ],
          [
            118.0908783,
            24.5370904
          ],
          [
            118.0887203,
            24.5374147
          ],
          [
            118.0886976,
            24.5372847
          ],
          [
            118.0886899,
            24.5372556
          ],
          [
            118.0886827,
            24.5372174
          ],
          [
            118.0886611,
            24.5371178
          ],
          [
            118.0886558,
            24.5370922
          ],
          [
            118.0886465,
            24.5370473
          ],
          [
            118.0885857,
            24.536731
          ],
          [
            118.0885144,
            24.5367035
          ],
          [
            118.0884944,
            24.5366903
          ],
          [
            118.0884603,
            24.5366852
          ],
          [
            118.0883476,
            24.5367061
          ],
          [
            118.088192,
            24.5367219
          ],
          [
            118.0880713,
            24.5366731
          ],
          [
            118.0879882,
            24.5365487
          ],
          [
            118.0879962,
            24.5363291
          ],
          [
            118.0880445,
            24.5361802
          ],
          [
            118.0880955,
            24.5360558
          ],
          [
            118.0882906,
            24.5359027
          ],
          [
            118.0884133,
            24.5358277
          ],
          [
            118.0885421,
            24.5357898
          ],
          [
            118.0889665,
            24.5357173
          ],
          [
            118.0889853,
            24.5356947
          ],
          [
            118.088996,
            24.5356556
          ],
          [
            118.0890175,
            24.5355269
          ],
          [
            118.0890155,
            24.5354501
          ],
          [
            118.0890021,
            24.5354122
          ],
          [
            118.0889578,
            24.5353708
          ],
          [
            118.0888955,
            24.535347
          ],
          [
            118.0888277,
            24.5353415
          ],
          [
            118.0887603,
            24.5353494
          ],
          [
            118.0886916,
            24.5353686
          ],
          [
            118.0882967,
            24.5354458
          ],
          [
            118.0882785,
            24.53544
          ],
          [
            118.0882695,
            24.535429
          ],
          [
            118.0882209,
            24.5352317
          ],
          [
            118.0881874,
            24.5352079
          ],
          [
            118.0881478,
            24.5352
          ],
          [
            118.0878621,
            24.5352579
          ],
          [
            118.0877709,
            24.5352396
          ],
          [
            118.0877267,
            24.5352231
          ],
          [
            118.0877039,
            24.5352103
          ],
          [
            118.0876328,
            24.5350255
          ],
          [
            118.0875885,
            24.5349145
          ],
          [
            118.0875605,
            24.534813
          ],
          [
            118.0875514,
            24.5347606
          ],
          [
            118.0875017,
            24.5344772
          ],
          [
            118.0874772,
            24.5343301
          ],
          [
            118.0874658,
            24.5343173
          ],
          [
            118.0874437,
            24.5343148
          ],
          [
            118.0870293,
            24.5343832
          ],
          [
            118.0869978,
            24.5343777
          ],
          [
            118.0869609,
            24.5343563
          ],
          [
            118.0865894,
            24.5335597
          ],
          [
            118.0865653,
            24.533545
          ],
          [
            118.0865365,
            24.5335468
          ],
          [
            118.0853288,
            24.5339403
          ],
          [
            118.0852758,
            24.533947
          ],
          [
            118.085249,
            24.533933
          ],
          [
            118.0852242,
            24.5339037
          ],
          [
            118.0846381,
            24.5321713
          ],
          [
            118.0842841,
            24.5311415
          ],
          [
            118.0836873,
            24.5294865
          ],
          [
            118.0836846,
            24.5294554
          ],
          [
            118.0836866,
            24.5294347
          ],
          [
            118.0837215,
            24.5294158
          ],
          [
            118.0843082,
            24.5292443
          ],
          [
            118.084329,
            24.5292059
          ],
          [
            118.0843411,
            24.5291705
          ],
          [
            118.0842566,
            24.5288638
          ],
          [
            118.0842409,
            24.5288083
          ],
          [
            118.0841929,
            24.5286233
          ],
          [
            118.0841634,
            24.5285843
          ],
          [
            118.0841245,
            24.5285831
          ],
          [
            118.083812,
            24.5286453
          ],
          [
            118.0837516,
            24.5286441
          ],
          [
            118.0837074,
            24.5286197
          ],
          [
            118.0836725,
            24.5285587
          ],
          [
            118.0836377,
            24.5284403
          ],
          [
            118.0829242,
            24.5262002
          ],
          [
            118.0817252,
            24.5224215
          ],
          [
            118.0814745,
            24.5216565
          ],
          [
            118.0811649,
            24.5206457
          ],
          [
            118.0809581,
            24.5198897
          ],
          [
            118.0804592,
            24.5182742
          ],
          [
            118.0800435,
            24.5168271
          ],
          [
            118.0797302,
            24.5159509
          ],
          [
            118.079389,
            24.5148382
          ],
          [
            118.0791798,
            24.5141585
          ],
          [
            118.0791235,
            24.5139498
          ],
          [
            118.078815,
            24.5130493
          ],
          [
            118.0780734,
            24.5105698
          ],
          [
            118.0780104,
            24.5104099
          ],
          [
            118.0778494,
            24.5100866
          ],
          [
            118.0751002,
            24.5052347
          ],
          [
            118.0749628,
            24.5048942
          ],
          [
            118.0736062,
            24.5024671
          ],
          [
            118.0731207,
            24.5016055
          ],
          [
            118.0731019,
            24.5015469
          ],
          [
            118.073118,
            24.5014884
          ],
          [
            118.0743733,
            24.5008538
          ],
          [
            118.0744967,
            24.5008489
          ],
          [
            118.0746549,
            24.5009026
          ],
          [
            118.0766666,
            24.5021205
          ],
          [
            118.0783778,
            24.5035227
          ],
          [
            118.078697,
            24.503785
          ],
          [
            118.0792844,
            24.5043488
          ],
          [
            118.0795929,
            24.5045392
          ],
          [
            118.0798852,
            24.5047466
          ],
          [
            118.0801401,
            24.5049712
          ],
          [
            118.0806054,
            24.5054019
          ],
          [
            118.0806587,
            24.5054224
          ],
          [
            118.0807197,
            24.5054343
          ],
          [
            118.08076,
            24.5054263
          ],
          [
            118.0808099,
            24.5054016
          ],
          [
            118.0808455,
            24.5053641
          ],
          [
            118.0808609,
            24.505329
          ],
          [
            118.0808703,
            24.5052683
          ],
          [
            118.0809246,
            24.5051963
          ],
          [
            118.0809601,
            24.5051725
          ],
          [
            118.0810205,
            24.5051573
          ],
          [
            118.0810694,
            24.5051646
          ],
          [
            118.0813906,
            24.5053189
          ],
          [
            118.0814423,
            24.5053232
          ],
          [
            118.0814718,
            24.5053128
          ],
          [
            118.0815234,
            24.5052689
          ],
          [
            118.0816863,
            24.5051213
          ],
          [
            118.0817494,
            24.5051133
          ],
          [
            118.0817903,
            24.5051182
          ],
          [
            118.0818466,
            24.505153
          ],
          [
            118.0818922,
            24.5052042
          ],
          [
            118.0819277,
            24.5052366
          ],
          [
            118.0820377,
            24.5053043
          ],
          [
            118.0821329,
            24.5053983
          ],
          [
            118.0824293,
            24.5057009
          ],
          [
            118.0826855,
            24.5059681
          ],
          [
            118.0828759,
            24.5061622
          ],
          [
            118.0829812,
            24.5062702
          ],
          [
            118.0830402,
            24.5062915
          ],
          [
            118.083118,
            24.5062946
          ],
          [
            118.0832139,
            24.5062769
          ],
          [
            118.0834526,
            24.5061756
          ],
          [
            118.0835304,
            24.506106
          ],
          [
            118.0835471,
            24.5060798
          ],
          [
            118.0835565,
            24.506045
          ],
          [
            118.0835418,
            24.5060243
          ],
          [
            118.0834861,
            24.5059956
          ],
          [
            118.0834103,
            24.5059712
          ],
          [
            118.0833138,
            24.5059468
          ],
          [
            118.0832306,
            24.5059224
          ],
          [
            118.0831468,
            24.5058705
          ],
          [
            118.0829765,
            24.5056435
          ],
          [
            118.0828008,
            24.5054642
          ],
          [
            118.0822429,
            24.5049895
          ],
          [
            118.0821343,
            24.5048821
          ],
          [
            118.082086,
            24.5048199
          ],
          [
            118.0820404,
            24.5047198
          ],
          [
            118.0820055,
            24.5045794
          ],
          [
            118.081917,
            24.5044757
          ],
          [
            118.0817936,
            24.5043769
          ],
          [
            118.0815952,
            24.5042866
          ],
          [
            118.0814597,
            24.5042262
          ],
          [
            118.0813538,
            24.5041407
          ],
          [
            118.0812377,
            24.5040096
          ],
          [
            118.0809098,
            24.5036972
          ],
          [
            118.0807334,
            24.5034141
          ],
          [
            118.0806969,
            24.5033862
          ],
          [
            118.0805374,
            24.5032645
          ],
          [
            118.0802071,
            24.5029914
          ],
          [
            118.0796374,
            24.5025119
          ],
          [
            118.0796135,
            24.5024936
          ],
          [
            118.0794829,
            24.5023938
          ],
          [
            118.0790015,
            24.5019911
          ],
          [
            118.0783532,
            24.5014651
          ],
          [
            118.0783172,
            24.5014359
          ],
          [
            118.0782464,
            24.5013785
          ],
          [
            118.0774632,
            24.5007159
          ],
          [
            118.0772567,
            24.5005487
          ],
          [
            118.0771628,
            24.5004791
          ],
          [
            118.0770837,
            24.5004462
          ],
          [
            118.077021,
            24.5004157
          ],
          [
            118.076972,
            24.5003803
          ],
          [
            118.0769348,
            24.5003437
          ],
          [
            118.0769222,
            24.5003299
          ],
          [
            118.0769067,
            24.5003129
          ],
          [
            118.0768825,
            24.5002936
          ],
          [
            118.0767933,
            24.5002232
          ],
          [
            118.0767779,
            24.5002219
          ],
          [
            118.0767648,
            24.5002256
          ],
          [
            118.0767226,
            24.5002671
          ],
          [
            118.076686,
            24.5003049
          ],
          [
            118.0766626,
            24.5003107
          ],
          [
            118.0766465,
            24.5003071
          ],
          [
            118.0766264,
            24.5002894
          ],
          [
            118.0762482,
            24.5000252
          ],
          [
            118.0760846,
            24.4999056
          ],
          [
            118.0759612,
            24.499847
          ],
          [
            118.0753362,
            24.4995492
          ],
          [
            118.0748963,
            24.4992832
          ],
          [
            118.0745222,
            24.4990574
          ],
          [
            118.0739871,
            24.4987633
          ],
          [
            118.0737081,
            24.4986169
          ],
          [
            118.0730698,
            24.4983057
          ],
          [
            118.0730242,
            24.4982959
          ],
          [
            118.0729792,
            24.4983014
          ],
          [
            118.0729437,
            24.4983179
          ],
          [
            118.0729155,
            24.4983222
          ],
          [
            118.0728934,
            24.4983136
          ],
          [
            118.0711305,
            24.4975661
          ],
          [
            118.0710366,
            24.4974563
          ],
          [
            118.0709964,
            24.4973636
          ],
          [
            118.0709267,
            24.4968827
          ],
          [
            118.0706243,
            24.4952193
          ],
          [
            118.0704693,
            24.4952442
          ],
          [
            118.0705186,
            24.4955462
          ],
          [
            118.0704311,
            24.4955611
          ],
          [
            118.0702867,
            24.4946504
          ],
          [
            118.0706711,
            24.4945797
          ],
          [
            118.0703929,
            24.4926967
          ],
          [
            118.0701166,
            24.4913366
          ],
          [
            118.0700397,
            24.4907434
          ],
          [
            118.0697834,
            24.4891776
          ],
          [
            118.069143,
            24.4853569
          ],
          [
            118.0691095,
            24.4851604
          ],
          [
            118.069088,
            24.4850164
          ],
          [
            118.0690598,
            24.4848748
          ],
          [
            118.0690706,
            24.4848406
          ],
          [
            118.0691014,
            24.4848125
          ],
          [
            118.0693562,
            24.484782
          ],
          [
            118.0694099,
            24.4847698
          ],
          [
            118.0694367,
            24.484732
          ],
          [
            118.069488,
            24.4846351
          ],
          [
            118.0696343,
            24.4842471
          ],
          [
            118.0697926,
            24.4837404
          ],
          [
            118.0699248,
            24.483356
          ],
          [
            118.0700528,
            24.482962
          ],
          [
            118.0702159,
            24.4825021
          ],
          [
            118.0702796,
            24.4822293
          ],
          [
            118.0702896,
            24.482183
          ],
          [
            118.0702769,
            24.4821427
          ],
          [
            118.070244,
            24.4820878
          ],
          [
            118.0701441,
            24.4820182
          ],
          [
            118.0700549,
            24.4819138
          ],
          [
            118.0700489,
            24.4818967
          ],
          [
            118.0700523,
            24.4818766
          ],
          [
            118.0703071,
            24.4815587
          ],
          [
            118.0703124,
            24.4815312
          ],
          [
            118.0702977,
            24.4815074
          ],
          [
            118.0701773,
            24.481418
          ],
          [
            118.0701723,
            24.4813997
          ],
          [
            118.070171,
            24.4813786
          ],
          [
            118.070175,
            24.4813353
          ],
          [
            118.0702347,
            24.4808776
          ],
          [
            118.0702623,
            24.4802166
          ],
          [
            118.0701689,
            24.4794337
          ],
          [
            118.070177,
            24.4794148
          ],
          [
            118.0702018,
            24.4794026
          ],
          [
            118.070358,
            24.4794178
          ],
          [
            118.0703714,
            24.4794325
          ],
          [
            118.0703815,
            24.4794587
          ],
          [
            118.0704465,
            24.4799646
          ],
          [
            118.0704734,
            24.4800037
          ],
          [
            118.0705418,
            24.480011
          ],
          [
            118.0707773,
            24.4799917
          ],
          [
            118.0713853,
            24.479942
          ],
          [
            118.0714189,
            24.4799329
          ],
          [
            118.0714497,
            24.4799195
          ],
          [
            118.0714765,
            24.4798731
          ],
          [
            118.0714611,
            24.4797065
          ],
          [
            118.0714799,
            24.4796821
          ],
          [
            118.0715201,
            24.4796632
          ],
          [
            118.0718011,
            24.4796595
          ],
          [
            118.0720304,
            24.4796607
          ],
          [
            118.0721886,
            24.4796448
          ],
          [
            118.0723576,
            24.4796339
          ],
          [
            118.0725025,
            24.4796363
          ],
          [
            118.0726218,
            24.4796455
          ],
          [
            118.0727405,
            24.4796107
          ],
          [
            118.0727856,
            24.4795717
          ],
          [
            118.0727938,
            24.4795333
          ],
          [
            118.0727841,
            24.4794697
          ],
          [
            118.072776,
            24.4794398
          ],
          [
            118.0727532,
            24.4794044
          ],
          [
            118.0726165,
            24.4793507
          ],
          [
            118.0722933,
            24.4792567
          ],
          [
            118.071702,
            24.4790731
          ],
          [
            118.0715797,
            24.4789929
          ],
          [
            118.0710702,
            24.4786635
          ],
          [
            118.0706772,
            24.4783157
          ],
          [
            118.0704478,
            24.478007
          ],
          [
            118.0702963,
            24.4777518
          ],
          [
            118.0701502,
            24.4774417
          ],
          [
            118.0700938,
            24.4773026
          ],
          [
            118.0699966,
            24.4768815
          ],
          [
            118.0698498,
            24.4763164
          ],
          [
            118.0697452,
            24.4758837
          ],
          [
            118.0696714,
            24.4756218
          ],
          [
            118.0696278,
            24.475443
          ],
          [
            118.0696063,
            24.4753631
          ],
          [
            118.0695882,
            24.4753191
          ],
          [
            118.0695708,
            24.4752886
          ],
          [
            118.0695038,
            24.47518
          ],
          [
            118.0694273,
            24.4750323
          ],
          [
            118.0693844,
            24.4749078
          ],
          [
            118.0693562,
            24.4747796
          ],
          [
            118.0693468,
            24.4746393
          ],
          [
            118.0693562,
            24.4745294
          ],
          [
            118.0693509,
            24.4743451
          ],
          [
            118.0692074,
            24.473758
          ],
          [
            118.0691417,
            24.4734657
          ],
          [
            118.0691128,
            24.4733038
          ],
          [
            118.0689103,
            24.4725136
          ],
          [
            118.0689016,
            24.4724757
          ],
          [
            118.0688909,
            24.4724416
          ],
          [
            118.0685677,
            24.4711556
          ],
          [
            118.0680487,
            24.4695813
          ],
          [
            118.0680436,
            24.4695602
          ],
          [
            118.0680349,
            24.4695322
          ],
          [
            118.0677147,
            24.4685813
          ],
          [
            118.067594,
            24.4681711
          ],
          [
            118.0674837,
            24.4678489
          ],
          [
            118.0674767,
            24.4678324
          ],
          [
            118.0674693,
            24.4678068
          ],
          [
            118.0673808,
            24.4674949
          ],
          [
            118.0671991,
            24.4669065
          ],
          [
            118.0671836,
            24.4668675
          ],
          [
            118.0671722,
            24.4668284
          ],
          [
            118.0668631,
            24.4658592
          ],
          [
            118.0666164,
            24.4650548
          ],
          [
            118.0665788,
            24.4649229
          ],
          [
            118.06656,
            24.4647508
          ],
          [
            118.0664734,
            24.4641173
          ],
          [
            118.0664471,
            24.4638981
          ],
          [
            118.0664345,
            24.4637692
          ],
          [
            118.0664494,
            24.4637535
          ],
          [
            118.0668859,
            24.4636137
          ],
          [
            118.0669241,
            24.463585
          ],
          [
            118.0669577,
            24.4635435
          ],
          [
            118.0669697,
            24.4634898
          ],
          [
            118.0669657,
            24.4633977
          ],
          [
            118.0669744,
            24.4633616
          ],
          [
            118.0669744,
            24.4633354
          ],
          [
            118.0669751,
            24.4632884
          ],
          [
            118.066965,
            24.4632359
          ],
          [
            118.066783,
            24.4630505
          ],
          [
            118.0666432,
            24.4628312
          ],
          [
            118.0666204,
            24.4628117
          ],
          [
            118.0665976,
            24.4628013
          ],
          [
            118.0665282,
            24.4628126
          ],
          [
            118.0665111,
            24.4628108
          ],
          [
            118.0664987,
            24.4628038
          ],
          [
            118.0664848,
            24.4627271
          ],
          [
            118.0664586,
            24.4626324
          ],
          [
            118.0664363,
            24.4625316
          ],
          [
            118.0664286,
            24.4625239
          ],
          [
            118.0664172,
            24.462523
          ],
          [
            118.0662811,
            24.462534
          ],
          [
            118.066271,
            24.4625294
          ],
          [
            118.0662626,
            24.4625172
          ],
          [
            118.0662499,
            24.4621956
          ],
          [
            118.0662422,
            24.4617755
          ],
          [
            118.0662368,
            24.4616349
          ],
          [
            118.0662626,
            24.4614231
          ],
          [
            118.0662576,
            24.4614061
          ],
          [
            118.0662442,
            24.4613908
          ],
          [
            118.0662073,
            24.4613761
          ],
          [
            118.0661979,
            24.4613633
          ]
        ]
      ]
    ]
  }
}
